7011 Main, American Canyon, CA
1120 S Anaheim, Anaheim, CA
121 N Beach, Anaheim, CA
440 North Euclid, Anaheim, CA
88 East Orangethorpe, Anaheim, CA
5000 Rhonda, Anderson, CA
7901 Watt, Antelope, CA
4893 Lone Tree, Antioch, CA
20251 Hwy, Apple Valley, CA
1168 West Branch, Arroyo Grande, CA
800 Commerce, Atwater, CA
2601 Fashion, Bakersfield, CA
3111 N. Chester, Bakersfield, CA
5037 E. Brundage, Bakersfield, CA
5075 Gosford, Bakersfield, CA
5625 Calloway, Bakersfield, CA
6225 Colony, Bakersfield, CA
8400 Rosedale, Bakersfield, CA
3250 Big Dalton, Baldwin Park, CA
621 Montara, Barstow, CA
1540 E 2nd, Beaumont, CA
250 Wildcat, Brawley, CA
2595 E Imperial, Brea, CA
8450 La Palma, Buena Park, CA
2540 Rockwood, Calexico, CA
275 West Ventura, Camarillo, CA
6005 Madison, Carmichael, CA
20226 Avalon, Carson, CA
1670 Mitchell, Ceres, CA
12701 Towne Center, Cerritos, CA
2044 Forest, Chico, CA
3943 Grand, Chino, CA
1150, Chula Vista, CA
1360 Eastlake, Chula Vista, CA
75 N, Chula Vista, CA
6197 Sunrise, Citrus Heights, CA
7010 Auburn, Citrus Heights, CA
17150 East Gale, City Of Industry, CA
15960 Dam, Clearlake, CA
1185 Herndon, Clovis, CA
1830 Shaw, Clovis, CA
323 West Shaw, Clovis, CA
1120 S Mt Vernon, Colton, CA
1290 E Ontario, Corona, CA
1560 W. 6th, Corona, CA
479 N Mckinley, Corona, CA
1275 North Azusa, Covina, CA
900 E Washington, Crescent City, CA
530 Woollomes, Delano, CA
1180 S. Diamond Bar, Diamond Bar, CA
770 W El Monte, Dinuba, CA
235 E Dorset, Dixon, CA
12270 Paramount, Downey, CA
1600 S Mountain, Duarte, CA
13487 Camino, El Cajon, CA
300 N 2nd, El Cajon, CA
605 Fletcher, El Cajon, CA
2150 N Waterman, El Centro, CA
10075 Bruceville, Elk Grove, CA
8455 Elk Grove, Elk Grove, CA
8465 Elk Grove, Elk Grove, CA
1550 Leucadia, Encinitas, CA
1266 E Valley, Escondido, CA
3300 Broadway Bayshore, Eureka, CA
2701 N Texas, Fairfield, CA
4420 Florin, Florin, CA
1018 Riley, Folsom, CA
17251 Foothill, Fontana, CA
26502 Towne Center, Foothill Ranch, CA
40580 Albrae, Fremont, CA
44009 Osgood, Fremont, CA
1804 E Ashlan, Fresno, CA
3131 N. Cedar, Fresno, CA
3680 West, Fresno, CA
5125 East Kings, Fresno, CA
7065 N Ingram, Fresno, CA
10470 Twin Cities, Galt, CA
10912 Katella, Garden Grove, CA
11822 Gilbert, Garden Grove, CA
7900 Arroyo, Gilroy, CA
1950 Auto Center, Glendora, CA
4080 Douglas, Granite Bay, CA
250 S 12th, Hanford, CA
14441 Inglewood, Hawthorne, CA
1231 So Sanderson, Hemet, CA
4210 East Highland, Highland, CA
21132 Beach, Huntington Beach, CA
8230 Talbert, Huntington Beach, CA
82491 Avenue, Indio, CA
16555 Von Karman, Irvine, CA
71 Technology, Irvine, CA
8844 Limonite, Jurupa Valley, CA
14061 W. Whitesbridge, Kerman, CA
1000 E Imperial, La Habra, CA
1340 South Beach, La Habra, CA
5500 Grossmont Center, La Mesa, CA
8820 Grossmont, La Mesa, CA
14865 Telegraph, La Mirada, CA
5420 La Palma, La Palma, CA
1425 N. Hacienda, La Puente, CA
79295 Us Hwy, La Quinta, CA
27470 Alicia, Laguna Niguel, CA
31700 Grape, Lake Elsinore, CA
2770 Carson, Lakewood, CA
1731 East Avenue, Lancaster, CA
44665 Valley Central, Lancaster, CA
255 Lincoln, Lincoln, CA
2700 Las Positas, Livermore, CA
2350 West Kettleman, Lodi, CA
701 W Central, Lompoc, CA
3705 E. South, Long Beach, CA
7750 Carson, Long Beach, CA
1575 West Pacheco, Los Banos, CA
1977 West Cleveland, Madera, CA
1205 South Main, Manteca, CA
150 Beach, Marina, CA
10355 Wicklow, Martell, CA
1021 Arnold, Martinez, CA
1131 N Beale, Marysville, CA
3055 Loughborough, Merced, CA
301 Ranch, Milpitas, CA
1421 Coffee, Modesto, CA
2225 Plaza, Modesto, CA
3848 Mchenry, Modesto, CA
12721 Moreno Beach, Moreno Valley, CA
170 Cochrane, Morgan Hill, CA
600 Showers, Mountain View, CA
41200 Murrieta Hot springs, Murrieta, CA
681 Lincoln, Napa, CA
1200 Highland, National City, CA
11729 Imperial, Norwalk, CA
1046 Mission, Oceanside, CA
2100 Vista, Oceanside, CA
3405 Marron, Oceanside, CA
705 College, Oceanside, CA
2300 N Tustin, Orange, CA
8961 Greenback, Orangevale, CA
355 Oro Dam, Oroville, CA
2001 North Rose, Oxnard, CA
2701 Saviers, Oxnard, CA
421 W. Esplanade, Oxnard, CA
34500 Monterey, Palm Desert, CA
72314 Highway, Palm Desert, CA
5601 e Ramon, Palm Springs, CA
320 West Avenue, Palmdale, CA
37140 47th Street, Palmdale, CA
3875 Rancho Vista, Palmdale, CA
14530 Nordoff, Panorama City, CA
8333 Van Nuys, Panorama City, CA
14501 Lakewood, Paramount, CA
180 Niblick, Paso Robles, CA
1030 Sperry, Patterson, CA
1800 N. Perris, Perris, CA
8500 Washington, Pico Rivera, CA
2203 Loveridge, Pittsburg, CA
4300 Missouri Flat, Placerville, CA
3112 Santa Rita, Pleasanton, CA
4501 Rosewood, Pleasanton, CA
778 E. Arrow, Pomona, CA
80 Rio Rancho, Pomona, CA
19821 Rinaldi, Porter Ranch, CA
1250 West Henderson, Porterville, CA
13425 Community, Poway, CA
10655 Folsom, Rancho Cordova, CA
12549 Foothill, Rancho Cucamonga, CA
1025 South, Red Bluff, CA
1515 Dana, Redding, CA
2050 West Redlands, Redlands, CA
1610 South Riverside, Rialto, CA
300 W. Baseline, Rialto, CA
1400 Hilltop Mall, Richmond, CA
911 South China Lake, Ridgecrest, CA
5200 Van Buren, Riverside, CA
6250 Valley Springs, Riverside, CA
5454 Crossings, Rocklin, CA
5609 Pacific, Rocklin, CA
4625 Redwood, Rohnert Park, CA
901 Golf Course, Rohnert Park, CA
1827 Walnut Grove, Rosemead, CA
1400 Lead Hill, Roseville, CA
900 Pleasant Grove, Roseville, CA
2700 Marconi, Sacramento, CA
3460 El Camino, Sacramento, CA
3661 Truxel, Sacramento, CA
5821 Antelope, Sacramento, CA
6051 Florin, Sacramento, CA
8915 Gerber, Sacramento, CA
1375 N Davis, Salinas, CA
1800 N, Salinas, CA
4001 Hallmark, San Bernardino, CA
951 Avenida, San Clemente, CA
2121 Imperial, San Diego, CA
3382 Murphy Canyon, San Diego, CA
3412 College, San Diego, CA
4840 Shawline, San Diego, CA
575 Saturn, San Diego, CA
710 Dennery, San Diego, CA
1861 S Jancinto, San Jacinto, CA
1450 Monterey, San Jose, CA
1600 Saratoga, San Jose, CA
4055 Evergreen Village, San Jose, CA
4080 Stevens Creek, San Jose, CA
5095 Almaden, San Jose, CA
777 Story, San Jose, CA
15555 Hesperian, San Leandro, CA
1919 Davis, San Leandro, CA
732 Center, San Marcos, CA
9100 Alcosta, San Ramon, CA
2761 Jensen, Sanger, CA
3600 West Mcfadden, Santa Ana, CA
3255 Mission College, Santa Clara, CA
26471 Carl Boyer, Santa Clarita, CA
27931 Kelly Johnson, Santa Clarita, CA
13310 Telegraph, Santa Fe Springs, CA
2220 South, Santa Maria, CA
2240 S Bradley, Santa Maria, CA
170 Town Center, Santee, CA
3400 Floral, Selma, CA
255 Cochran, Simi Valley, CA
2801 E. Cochran, Simi Valley, CA
1101 Sanguinetti, Sonora, CA
12840 Beach, Stanton, CA
25450 The Old, Stevenson Ranch, CA
1189 E March, Stockton, CA
3223 East Hammer, Stockton, CA
350 Walters, Suisun City, CA
2900 Main, Susanville, CA
32225 HWY 79, Temecula, CA
512 North Ventu Park, Thousand Oaks, CA
19340 Hawthorne, Torrance, CA
19503 South Normandie, Torrance, CA
22015 Hawthorne, Torrance, CA
3010 W Grant Line, Tracy, CA
1110 E Prosperity, Tulare, CA
2111 Fulkerth, Turlock, CA
2480 Geer, Turlock, CA
1155 Airport Park, Ukiah, CA
30600 Dyer, Union City, CA
1445 East Foothill, Upland, CA
1540 W Foothill, Upland, CA
1501 Helen Power, Vacaville, CA
2050 Nut Tree, Vacaville, CA
941 Alamo, Vacaville, CA
501 Sereno, Vallejo, CA
1739 S Victoria, Ventura, CA
11896 Amargosa, Victorville, CA
12234 Palmdale, Victorville, CA
1819 East Noble, Visalia, CA
1800 University, Vista, CA
2753 E Eastland Center, West Covina, CA
6433 Fallbrook, West Hills, CA
755 Riverpoint, West Sacramento, CA
13331 Beach, Westminster, CA
470 Airport, Willows, CA
6650 Hembree, Windsor, CA
1720 East Main, Woodland, CA
215 California, Woodland, CA
1906 Fort Jones, Yreka, CA
1150 Harter, Yuba City, CA
58501 Twentynine Palms, Yucca Valley, CA
